Deutsche Marken,Importmarken
Die meisten Neuzulassungen mit alternativem Antrieb 1)
VW,158.466,Skoda,59.826
BMW,128.098,Seat,43.986
Mercedes,124.219,Toyota,33.797
Größter Anteil innerhalb ihrer Flotte in Prozent 1) 2)
BMW,"84,6 %",BYD,"100,0 %"
Mercedes,"81,4 %",Volvo,"100,0 %"
Audi,"72,0 %",Leapmotor,"100,0 %"
Größter Zuwachs in Prozent 1)
Opel,"+91,6 %",BYD,"+322,8 %"
MINI,"+41,7 %",Leapmotor,"+311,7 %"
VW,"+28,8 %",Cadillac,"+175,0 %"
Größter Rückgang in Prozent 1)
,,NIO,"-89,3 %"
,,Maxus,"-83,3 %"
,,GWM,"-79,8 %"
