Fahrzeugart,Anzahl August 2026,Veränderungen gegenüber Vormonat in %,Veränderungen gegenüber Vorjahres- monat in %,Anzahl Januar bis August 2026,Veränderungen gegenüber Vorjahres- zeitraum in %
Krafträder,19.367,"-17,7","+27,3",159.019,"+24,7"
Personenkraftwagen,212.563,"-20,7","+2,6",1.965.024,"+4,8"
Kraftomnibusse,500,"-10,7","-17,6",4.758,"+11,0"
Lastkraftwagen,22.357,"-9,9","-3,4",183.017,"-5,1"
Zugmaschinen insgesamt,5.103,"-21,4","+0,8",53.154,"+9,7"
darunter Sattelzugmaschinen,1.795,"-22,9","-9,2",21.340,"+9,2"
Sonstige Kraftfahrzeuge,1.656,"-24,9","+22,1",14.325,"+18,3"
Kraftfahrzeuge zusammen,261.546,"-19,7","+3,5",2.379.297,"+5,3"
Kraftfahrzeuganhänger,18.522,"-27,0","-3,4",179.614,"-0,2"
