marka,bev,udzial_bev
KIA,1381,0.1433
SKODA,855,0.0887
RENAULT,767,0.0796
VOLVO,616,0.0639
VOLKSWAGEN,595,0.0617
HYUNDAI,561,0.0582
TOYOTA,538,0.0558
BMW,492,0.0511
TESLA,468,0.0486
AUDI,439,0.0456
MERCEDES-BENZ,328,0.034
PEUGEOT,234,0.0243
OPEL,225,0.0233
MINI,211,0.0219
FORD,200,0.0208
LEAPMOTOR,173,0.018
BYD,166,0.0172
CITROEN,163,0.0169
CUPRA,141,0.0146
JEEP,130,0.0135
ZEEKR,119,0.0123
POLESTAR,111,0.0115
XPENG,78,0.0081
SUZUKI,61,0.0063
MG,56,0.0058
NISSAN,53,0.0055
FIAT,48,0.005
PORSCHE,46,0.0048
SMART,44,0.0046
DACIA,42,0.0044
JAECOO,40,0.0042
MAZDA,38,0.0039
LYNK&CO,32,0.0033
ALPINE,32,0.0033
ALFA ROMEO,26,0.0027
LEXUS,23,0.0024
MITSUBISHI,23,0.0024
OMODA,17,0.0018
LOTUS,8,0.0008
DONGFENG,8,0.0008
DS AUTOMOBILES,8,0.0008
NIO,6,0.0006
LANCIA,6,0.0006
GENESIS,5,0.0005
DEEPAL,5,0.0005
VOYAH,4,0.0004
ABARTH,4,0.0004
SUBARU,3,0.0003
LUCID MOTORS,3,0.0003
DFSK,1,0.0001
YUEDA-HUMAN HORIZONS,1,0.0001
HONDA,1,0.0001
KG MOBILITY,1,0.0001
MASERATI,1,0.0001
