marka,bev_ytd,udzial,miesiace
KIA,13076,0.1193,9
TESLA,11159,0.1018,9
RENAULT,7717,0.0704,9
BMW,6978,0.0637,9
VOLVO,6788,0.0619,9
SKODA,6702,0.0612,9
VOLKSWAGEN,6153,0.0561,9
HYUNDAI,5469,0.0499,9
TOYOTA,5010,0.0457,9
MERCEDES-BENZ,4006,0.0366,9
AUDI,3117,0.0284,9
PEUGEOT,2870,0.0262,9
LEAPMOTOR,2802,0.0256,9
CUPRA,2752,0.0251,9
CITROEN,2507,0.0229,9
FORD,2459,0.0224,9
OPEL,2441,0.0223,9
MINI,2368,0.0216,9
BYD,2031,0.0185,9
ZEEKR,1358,0.0124,9
JEEP,1136,0.0104,9
POLESTAR,1113,0.0102,9
XPENG,975,0.0089,9
MAZDA,920,0.0084,9
FIAT,877,0.008,9
MG,830,0.0076,9
NISSAN,798,0.0073,9
PORSCHE,757,0.0069,9
SUZUKI,585,0.0053,9
SMART,577,0.0053,9
JAECOO,396,0.0036,9
DACIA,378,0.0034,9
OMODA,311,0.0028,9
LYNK&CO,262,0.0024,9
LEXUS,232,0.0021,9
MITSUBISHI,222,0.002,9
ALPINE,215,0.002,9
ALFA ROMEO,187,0.0017,9
SUBARU,183,0.0017,9
DS AUTOMOBILES,178,0.0016,9
DONGFENG,130,0.0012,9
GEELY,111,0.001,9
NIO,73,0.0007,9
DEEPAL,67,0.0006,9
GENESIS,66,0.0006,9
LANCIA,46,0.0004,9
VOYAH,46,0.0004,9
LUCID MOTORS,40,0.0004,9
ABARTH,36,0.0003,9
KG MOBILITY,21,0.0002,9
LOTUS,17,0.0002,9
MASERATI,8,0.0001,9
FAW,5,0.0,9
AION,4,0.0,9
MELEX,3,0.0,9
TOGG,2,0.0,9
CADILLAC,2,0.0,9
LI AUTO,2,0.0,9
RIVIAN,2,0.0,9
FISKER,1,0.0,9
DFSK,1,0.0,9
YUEDA-HUMAN HORIZONS,1,0.0,9
HONDA,1,0.0,9
SERES,1,0.0,9
RIMAC,1,0.0,9
MOKE,1,0.0,9
HUMMER,1,0.0,9
