marka,pozycja,ytd_2026,udzial_2026,ytd_2025,udzial_2025,zmiana_rr
TESLA,1,2306.0,0.11019784000764599,2537.0,0.1186789540159985,-0.09105242412297987
BMW,2,2149.0,0.10269521169836567,1743.0,0.08153623052813772,0.23293172690763053
MERCEDES-BENZ,3,1806.0,0.08630411927745389,1022.0,0.047808392197221314,0.7671232876712328
BYD,4,1685.0,0.0805218388607474,1366.0,0.06390045375871263,0.23352855051244514
TOYOTA,5,1284.0,0.06135907483513333,223.0,0.0104317724657342,4.757847533632287
AUDI,6,1129.0,0.053952021408773775,989.0,0.04626467698928755,0.14155712841253787
SKODA,7,1063.0,0.050798050272388415,747.0,0.034944098797773306,0.4230254350736278
VOLKSWAGEN,8,1017.0,0.04859982796521074,464.0,0.02170557140852318,1.1918103448275863
FORD,9,963.0,0.046019306126349996,1108.0,0.05183140758759414,-0.13086642599277976
LEAPMOTOR,10,963.0,0.046019306126349996,772.0,0.03611358001590494,0.24740932642487046
Razem 1-10,,14365.0,0.6864665965784192,10971.0,0.5132151377648875,0.3093610427490656
Pozostałe,,6561.0,0.3135334034215808,10406.0,0.4867848622351125,-0.36949836632711897
