marka,ytd_2026-08,ytd_2026-07,miesiac_wyliczony,formula_uwagi
TESLA,2306.0,2237.0,69.0,2306-2237
BMW,2149.0,2048.0,101.0,2149-2048
MERCEDES-BENZ,1806.0,1630.0,176.0,1806-1630
BYD,1685.0,1547.0,138.0,1685-1547
TOYOTA,1284.0,1092.0,192.0,1284-1092
AUDI,1129.0,952.0,177.0,1129-952
SKODA,1063.0,970.0,93.0,1063-970
VOLKSWAGEN,1017.0,916.0,101.0,1017-916
FORD,963.0,798.0,165.0,963-798
LEAPMOTOR,963.0,835.0,128.0,963-835
RAZEM BEV,20926.0,18737.0,2189.0,kontrola: porownaj z 'Elektryczne' miesiac w pzpm_osobowe_naped
