model,pozycja,ytd_2026,udzial_2026,ytd_2025,udzial_2025,zmiana_rr
Tesla Model Y,1,1400.0,0.074718471473555,1302.0,0.07204913950528472,0.07526881720430101
BMW iX1,2,837.0,0.044670971873832524,363.0,0.02008743290354712,1.3057851239669422
Tesla Model 3,3,821.0,0.043817046485563324,976.0,0.05400918598860052,-0.1588114754098361
Skoda Elroq,4,789.0,0.042109195709024924,518.0,0.028664711416081012,0.5231660231660231
BMW iX2,5,751.0,0.04008112291188557,624.0,0.03453046317303968,0.20352564102564097
BYD Dolphin Surf,6,641.0,0.034210385867534825,241.0,0.013336284654972054,1.6597510373443982
Mercedes-Benz EQA,7,619.0,0.03303623845866467,246.0,0.01361297105860218,1.5162601626016259
Mercedes-Benz Klasa CLA,8,596.0,0.0318087207130277,0.0,0.0,
Toyota bZ4x,9,537.0,0.028659870843785025,155.0,0.008577278512533894,2.464516129032258
Audi Q4 e-tron,10,467.0,0.024923947270107275,378.0,0.020917492114437497,0.23544973544973535
Razem 1-10,,7458.0,0.39803597160698084,4803.0,0.26578495932709867,0.5527795128044972
Pozostałe,,11279.0,0.6019640283930192,13268.0,0.7342150406729013,-0.1499095568284594
