,BATTERY ELECTRIC,,,PLUG-IN HYBRID,,,HYBRID ELECTRIC1,,,OTHERS2,,,PETROL,,,DIESEL,,,TOTAL,,
,"Jan-Jun
2026","Jan-Jun
2025","% change
26/25","Jan-Jun
2026","Jan-Jun
2025","% change
26/25","Jan-Jun
2026","Jan-Jun
2025","% change
26/25","Jan-Jun
2026","Jan-Jun
2025","% change
26/25","Jan-Jun
2026","Jan-Jun
2025","% change
26/25","Jan-Jun
2026","Jan-Jun
2025","% change
26/25","Jan-Jun
2026","Jan-Jun
2025","% change
26/25"
"Austria
Belgium
Bulgaria
Croatia
Cyprus
Czechia
Denmark
Estonia
Finland
France
Germany
Greece
Hungary
Ireland
Italy
Latvia
Lithuania
Luxembourg
Malta
Netherlands
Poland
Portugal
Romania
Slovakia
Slovenia
Spain
Sweden","40,060 31,534 +27.0
83,282 76,980 +8.2
2,029 1,036 +95.8
1,781 396 +349.7
911 735 +23.9
8,630 6,910 +24.9
80,707 57,147 +41.2
617 444 +39.0
17,798 12,727 +39.8
241,562 148,333 +62.9
368,006 248,726 +48.0
5,284 4,265 +23.9
7,497 5,218 +43.7
20,159 13,629 +47.9
79,434 44,710 +77.7
839 747 +12.3
1,852 1,205 +53.7
7,745 6,559 +18.1
1,472 826 +78.2
63,776 63,821 -0.1
16,479 14,257 +15.6
34,706 25,017 +38.7
5,522 3,201 +72.5
2,678 2,008 +33.4
6,062 2,700 +124.5
63,201 46,236 +36.7
58,801 49,667 +18.4",,,"18,023 13,104 +37.5
13,038 20,607 -36.7
480 273 +75.8
2,707 1,076 +151.6
411 393 +4.6
6,517 4,968 +31.2
706 2,630 -73.2
864 632 +36.7
4,753 7,895 -39.8
47,865 49,149 -2.6
163,793 138,905 +17.9
5,198 4,926 +5.5
5,988 2,816 +112.6
12,530 12,117 +3.4
84,527 45,875 +84.3
1,214 1,221 -0.6
2,914 1,672 +74.3
1,530 2,128 -28.1
307 199 +54.3
41,942 35,709 +17.5
26,686 13,526 +97.3
19,631 16,004 +22.7
ꟷ ꟷ
1,886 1,942 -2.9
1,354 1,034 +30.9
77,941 56,078 +39.0
34,930 36,746 -4.9",,,"49,751 40,213 +23.7
28,285 26,819 +5.5
1,607 784 +105.0
17,496 13,343 +31.1
3,642 3,727 -2.3
31,060 26,734 +16.2
11,702 12,866 -9.0
5,820 3,289 +77.0
10,377 10,270 +1.0
388,283 376,220 +3.2
427,633 399,966 +6.9
47,551 37,806 +25.8
38,508 33,888 +13.6
23,599 19,971 +18.2
462,925 376,483 +23.0
ꟷ ꟷ
12,660 10,466 +21.0
8,908 7,387 +20.6
1,096 746 +46.9
52,316 52,519 -0.4
157,515 141,668 +11.2
38,929 29,762 +30.8
37,563 31,972 +17.5
15,228 14,589 +4.4
6,927 3,935 +76.0
306,666 253,940 +20.8
12,101 13,313 -9.1",,,"2 2 +0.0
2,144 1,979 +8.3
29 20 +45.0
380 752 -49.5
0 0
2,739 3,185 -14.0
2 15 -86.7
0 0
0 6 -100.0
29,173 32,167 -9.3
6,724 6,351 +5.9
2,532 2,235 +13.3
392 286 +37.1
0 0
59,359 77,439 -23.3
297 193 +53.9
446 366 +21.9
0 2 -100.0
0 1 -100.0
647 542 +19.4
7,629 8,452 -9.7
8,499 10,429 -18.5
5,630 7,239 -22.2
903 833 +8.4
434 214 +102.8
22,580 31,015 -27.2
624 1,704 -63.4",,,"40,509 40,550 -0.1
97,538 100,138 -2.6
17,808 18,362 -3.0
16,416 20,215 -18.8
2,169 3,140 -30.9
57,043 58,748 -2.9
5,591 14,605 -61.7
1,556 1,173 +32.7
3,020 4,874 -38.0
128,136 194,847 -34.2
325,080 397,459 -18.2
21,326 26,651 -20.0
15,396 15,982 -3.7
17,939 21,926 -18.2
185,081 223,246 -17.1
7,640 7,444 +2.6
3,793 4,077 -7.0
6,140 6,539 -6.1
803 1,063 -24.5
14,005 27,229 -48.6
85,025 85,704 -0.8
30,311 35,979 -15.8
11,998 15,977 -24.9
17,532 19,248 -8.9
17,415 17,090 +1.9
153,508 188,288 -18.5
26,375 30,374 -13.2",,,"16,184 17,648 -8.3
6,394 8,093 -21.0
4,004 3,589 +11.6
5,384 6,169 -12.7
111 226 -50.9
23,819 22,094 +7.8
2,327 2,259 +3.0
1,122 618 +81.6
1,309 1,491 -12.2
22,146 41,490 -46.6
193,157 211,382 -8.6
2,074 2,279 -9.0
7,124 7,922 -10.1
10,961 14,106 -22.3
64,719 86,871 -25.5
1,356 1,682 -19.4
2,454 3,005 -18.3
2,186 2,641 -17.2
161 114 +41.2
2,103 2,555 -17.7
18,699 21,703 -13.8
5,004 6,835 -26.8
4,137 6,431 -35.7
5,277 6,530 -19.2
4,545 5,160 -11.9
23,815 34,357 -30.7
9,020 9,172 -1.7",,,"164,529 143,051 +15.0
230,681 234,616 -1.7
25,957 24,064 +7.9
44,164 41,951 +5.3
7,244 8,221 -11.9
129,808 122,639 +5.8
101,035 89,522 +12.9
9,979 6,156 +62.1
37,257 37,263 -0.0
857,165 842,206 +1.8
1,484,393 1,402,789 +5.8
83,965 78,162 +7.4
74,905 66,112 +13.3
85,188 81,749 +4.2
936,045 854,624 +9.5
11,346 11,287 +0.5
24,119 20,791 +16.0
26,509 25,256 +5.0
3,839 2,949 +30.2
174,789 182,375 -4.2
312,033 285,310 +9.4
137,080 124,026 +10.5
64,850 64,820 +0.0
43,504 45,150 -3.6
36,737 30,133 +21.9
647,711 609,914 +6.2
141,851 140,976 +0.6",,
EUROPEAN UNION,"1,220,890 869,034 +40.5",,,"577,735 471,625 +22.5",,,"2,198,148 1,942,676 +13.2",,,"151,165 185,427 -18.5",,,"1,309,153 1,580,928 -17.2",,,"439,592 526,422 -16.5",,,"5,896,683 5,576,112 +5.7",,
"Iceland
Norway
Switzerland","3,180 2,280 +39.5
71,662 70,749 +1.3
27,889 23,203 +20.2",,,"1,602 1,729 -7.3
486 2,717 -82.1
14,456 11,592 +24.7",,,"1,838 1,979 -7.1
482 1,303 -63.0
42,488 41,666 +2.0",,,"0 0
0 0
5 9 -44.4",,,"468 1,079 -56.6
127 306 -58.5
25,224 28,344 -11.0",,,"414 815 -49.2
647 1,001 -35.4
6,486 8,319 -22.0",,,"7,502 7,882 -4.8
73,404 76,076 -3.5
116,548 113,133 +3.0",,
EFTA,"102,731 96,232 +6.8",,,"16,544 16,038 +3.2",,,"44,808 44,948 -0.3",,,5 9 -44.4,,,"25,819 29,729 -13.2",,,"7,547 10,135 -25.5",,,"197,454 197,091 +0.2",,
United Kingdom,"284,579 224,840 +26.6",,,"148,132 107,000 +38.4",,,"428,999 396,272 +8.3",,,2 24 -91.7,,,"255,795 287,066 -10.9",,,"20,422 27,027 -24.4",,,"1,137,929 1,042,229 +9.2",,
EU + EFTA + UK,"1,608,200 1,190,106 +35.1",,,"742,411 594,663 +24.8",,,"2,671,955 2,383,896 +12.1",,,"151,172 185,460 -18.5",,,"1,590,767 1,897,723 -16.2",,,"467,561 563,584 -17.0",,,"7,232,066 6,815,432 +6.1",,
,,,,,,,,,,,,,,,,,,,,,
